INSERT INTO experiences (id, company, location, order_index) VALUES ('984bf9b9-c93c-47d1-b11d-dfe9204ba415', 'PayMe India', 'Noida, India', 0);
INSERT INTO roles (experience_id, title, period, description, skills, order_index) VALUES ('984bf9b9-c93c-47d1-b11d-dfe9204ba415', 'Backend Developer Intern', 'June 2025 - July 2025', 'At PayMe India, I developed APIs for personalized horoscopes and built a RAG-based chatbot using FAISS and external APIs. I integrated Razorpay to enable monetized access and optimized backend workflows to enhance user experience through behavior analysis. My work involved building end-to-end ML pipelines, from data preprocessing to model deployment.', '{"Python", "Backend Development", "React.js", "Next.js", "FastAPI", "Django", "RAG", "Vector Databases"}', 0);
INSERT INTO experiences (id, company, location, order_index) VALUES ('93a854a2-bf09-45fd-af74-1e3e13a7738d', 'ProCreator Solutions', 'Navi Mumbai, India', 1);
INSERT INTO roles (experience_id, title, period, description, skills, order_index) VALUES ('93a854a2-bf09-45fd-af74-1e3e13a7738d', 'Developer Intern', 'June 2024 - July 2024', 'During my internship at ProCreator, I developed a custom WordPress plugin for ZIP processing and GCS URL generation. I co-founded an internal ML initiative, conducting weekly training and applied ML research for automation and analytics. Additionally, I created onboarding documentation and tutorials to streamline team processes and productivity.', '{"Machine Learning", "Web Development", "WordPress", "Plugin Development", "GCS", "Zoho Suite"}', 0);
INSERT INTO experiences (id, company, location, order_index) VALUES ('55bd82d0-1e20-46db-bb4c-eddce3918b0a', 'Bennett University Student Council', 'Greater Noida, India', 2);
INSERT INTO roles (experience_id, title, period, description, skills, order_index) VALUES ('55bd82d0-1e20-46db-bb4c-eddce3918b0a', 'Vice President', 'July 2025 - December 2025', 'As Vice President, I oversaw the financial operations of the Bennett University Student Council, including budgeting, sponsorship management, and all the monetary transactions for the tenure of 2025-26.', '{"Sponsorship Management", "Financial Management", "Budget Management", "Event Management", "Stakeholder Management", "Sponsorship Marketing", "Team Management"}', 0);
INSERT INTO roles (experience_id, title, period, description, skills, order_index) VALUES ('55bd82d0-1e20-46db-bb4c-eddce3918b0a', 'Sub Head Sponsorships', 'July 2024 - June 2025', 'As Sub Head Sponsorships, I was responsible for raising sponsorships for the events of the Bennett University Student Council. I worked closely with a team of 90+ members to ensure that all the sponsorship activities were carried out smoothly and effectively.', '{"Sponsorship Management", "Event Management", "Stakeholder Management", "Sponsorship Marketing", "Team Management"}', 1);
INSERT INTO experiences (id, company, location, order_index) VALUES ('8eb266d0-a49c-4323-b8c8-939b622ac718', 'Association for Computing Machinery, Bennett University', 'Greater Noida, India', 3);
INSERT INTO roles (experience_id, title, period, description, skills, order_index) VALUES ('8eb266d0-a49c-4323-b8c8-939b622ac718', 'Treasurer', 'July 2024 - June 2025', 'As Treasurer, I was responsible for managing the financial operations of the ACM, Bennett University. I worked closely with a team of 50+ members to ensure that all the financial activities were carried out smoothly and effectively.', '{"Financial Management", "Budget Management", "Event Management", "Stakeholder Management", "Sponsorship Marketing", "Team Management"}', 0);
INSERT INTO roles (experience_id, title, period, description, skills, order_index) VALUES ('8eb266d0-a49c-4323-b8c8-939b622ac718', 'Social Media Junior Core', 'July 2023 - June 2024', 'As Social Media Junior Core, I was responsible for managing the social media operations of the ACM, Bennett University. I worked closely with a team of 50+ members to ensure that all the social media activities were carried out smoothly and effectively.', '{"Social Media Management", "Content Creation", "Event Management", "Stakeholder Management", "Sponsorship Marketing", "Team Management"}', 1);
INSERT INTO experiences (id, company, location, order_index) VALUES ('5b5a185d-dcf9-4b20-b8a5-689d3a566734', 'Project Nirvi', 'Greater Noida, India', 4);
INSERT INTO roles (experience_id, title, period, description, skills, order_index) VALUES ('5b5a185d-dcf9-4b20-b8a5-689d3a566734', 'Operations Head', 'September 2024 - January 2025', 'As Operations Head, I was responsible for managing the operations of the Enactus Project Nirvi. I worked closely with the team to ensure that all the logistics and operations were carried out smoothly and effectively.', '{"Operations Management", "Logistics Management", "Event Management", "Stakeholder Management", "Team Management"}', 0);
INSERT INTO roles (experience_id, title, period, description, skills, order_index) VALUES ('5b5a185d-dcf9-4b20-b8a5-689d3a566734', 'Marketing Team Member', 'March 2024 - September 2024', 'As Marketing Team Member, I was responsible for brainstorming new ideas for products and the marketing aspect of the Enactus Project Nirvi. I worked closely with the team to ensure that all the marketing activities were carried out smoothly and effectively.', '{"Marketing Management", "Event Management", "Stakeholder Management", "Team Management"}', 1);
INSERT INTO experiences (id, company, location, order_index) VALUES ('1f89d9d0-e638-464b-a980-2009e494f1d9', 'Enactus Bennett University', 'Greater Noida, India', 5);
INSERT INTO roles (experience_id, title, period, description, skills, order_index) VALUES ('1f89d9d0-e638-464b-a980-2009e494f1d9', 'Project Management Team', 'March 2024 - August 2024', 'As Project Management Team, I was responsible for brainstorming new ideas for products and the marketing aspect of the all ongoing Enactus Projects. I worked closely with the team to ensure that all the marketing activities were carried out smoothly and effectively.', '{"Project Management", "Event Management", "Stakeholder Management", "Team Management"}', 0);
INSERT INTO experiences (id, company, location, order_index) VALUES ('c1da5a8e-02a8-4ea3-a2c9-1bfcf9d6c5d1', 'Alexis - The Social Welfare Club', 'Greater Noida, India', 6);
INSERT INTO roles (experience_id, title, period, description, skills, order_index) VALUES ('c1da5a8e-02a8-4ea3-a2c9-1bfcf9d6c5d1', 'Head Sponsorships', 'August 2024 - May 2025', 'As Head Sponsorships, I was responsible for managing the financial operations of the Alexis - The Social Welfare Club. I worked closely with a team of 50+ members to ensure that all the financial activities were carried out smoothly and effectively.', '{"Financial Management", "Budget Management", "Event Management", "Stakeholder Management", "Team Management"}', 0);
INSERT INTO experiences (id, company, location, order_index) VALUES ('31375f73-3de0-40b1-a1cf-d5a062ef2d8c', 'IEEE Bennett University', 'Greater Noida, India', 7);
INSERT INTO roles (experience_id, title, period, description, skills, order_index) VALUES ('31375f73-3de0-40b1-a1cf-d5a062ef2d8c', 'Junior Core Member - Technical', 'September 2023 - June 2024', 'As Junior Core Member - Technical, I was responsible for managing the technical operations of the IEEE Bennett University. I worked closely with a team of 50+ members to ensure that all the technical activities were carried out smoothly and effectively.', '{"Technical Management", "Event Management", "Stakeholder Management", "Team Management"}', 0);
INSERT INTO projects (title, description, github_url, tags, colors, is_featured, order_index) VALUES ('AI Chat Assistant', 'A conversational AI powered by LLMs with RAG capabilities for context-aware responses.', 'https://github.com/rxhul', '{"Python", "FastAPI", "LangChain"}', '{"#0894FF", "#C959DD", "#FF2E54", "#FF9004"}', TRUE, 0);
INSERT INTO projects (title, description, github_url, tags, colors, is_featured, order_index) VALUES ('MLOps Pipeline', 'End-to-end machine learning pipeline with automated training, testing, and deployment.', 'https://github.com/rxhul', '{"Python", "Docker", "Kubernetes"}', '{"#22c55e", "#10b981", "#059669", "#047857"}', TRUE, 1);
INSERT INTO projects (title, description, github_url, tags, colors, is_featured, order_index) VALUES ('Backend API Service', 'High-performance REST API built with FastAPI featuring async operations and caching.', 'https://github.com/rxhul', '{"FastAPI", "PostgreSQL", "Redis"}', '{"#8b5cf6", "#a855f7", "#d946ef", "#ec4899"}', TRUE, 2);
INSERT INTO projects (title, description, github_url, tags, colors, is_featured, order_index) VALUES ('Data Processing Engine', 'Scalable data processing system for handling large datasets with real-time analytics.', 'https://github.com/rxhul', '{"Python", "Apache Spark", "Kafka"}', '{"#f59e0b", "#f97316", "#ef4444", "#dc2626"}', TRUE, 3);
INSERT INTO projects (title, description, github_url, tags, colors, is_featured, order_index) VALUES ('Vector Database Search', 'Semantic search engine using vector embeddings for intelligent document retrieval.', 'https://github.com/rxhul', '{"Python", "FAISS", "OpenAI"}', '{"#06b6d4", "#0891b2", "#0e7490", "#155e75"}', FALSE, 4);
INSERT INTO projects (title, description, github_url, tags, colors, is_featured, order_index) VALUES ('Authentication Service', 'Secure JWT-based authentication microservice with OAuth2 and SSO support.', 'https://github.com/rxhul', '{"Node.js", "JWT", "OAuth2"}', '{"#84cc16", "#65a30d", "#4d7c0f", "#3f6212"}', FALSE, 5);
INSERT INTO projects (title, description, github_url, tags, colors, is_featured, order_index) VALUES ('Real-time Dashboard', 'Live analytics dashboard with WebSocket connections for streaming data visualization.', 'https://github.com/rxhul', '{"React", "WebSocket", "D3.js"}', '{"#f43f5e", "#e11d48", "#be123c", "#9f1239"}', FALSE, 6);
INSERT INTO projects (title, description, github_url, tags, colors, is_featured, order_index) VALUES ('Task Queue System', 'Distributed task queue for background job processing with retry mechanisms.', 'https://github.com/rxhul', '{"Python", "Celery", "RabbitMQ"}', '{"#a78bfa", "#8b5cf6", "#7c3aed", "#6d28d9"}', FALSE, 7);
INSERT INTO cool_stuff (image_url, prompt, order_index) VALUES ('/Rahul 1.png', 'Create a stylized comic-style portrait of a young Indian man with curly black hair, wearing a black hoodie. The art style should be vibrant and modern with bold outlines, similar to pop art or graphic novel illustrations. The background should feature colorful abstract shapes and patterns.', 0);
INSERT INTO cool_stuff (image_url, prompt, order_index) VALUES ('/Rahul 2.png', 'Generate a comic-style illustration of a young Indian man in a dynamic pose, wearing casual streetwear. Use bold colors, strong shadows, and graphic novel aesthetics. Add urban graffiti-style elements in the background with bright yellows and contrasting colors.', 1);
INSERT INTO cool_stuff (image_url, prompt, order_index) VALUES ('/Rahul 3.png', 'Create an animated-style portrait of a young Indian man with curly hair in a confident stance. The style should be reminiscent of modern animation or comic books with clean lines, vibrant colors, and expressive details. Include stylized background elements.', 2);
